instrument,n,price_start,price_end,price_mean,price_std,total_ret_%,daily_vol_$,daily_vol_%,ann_vol_%,drift_$/day,drift_t,skew,kurt,jb_p,adf_p_level,kpss_p_level,adf_p_ret,hurst,half_life_d,pct_zero_moves,max_dd_%,notional_at_limit
Fintech Token,365,803.0,522.15,606.5451506849314,156.29480181358244,-34.97509339975093,13.264846893418467,2.3799121536765826,37.779934204850235,-0.7715659340659341,-1.1097406504534428,-0.06304979681552832,0.054548906434319644,0.8666255926480565,0.5606566299679366,0.01,3.0089923829428905e-10,0.5828984354880041,129.06535063600242,0.0,-52.11742397640285,60654.51506849314
Thrifted Jeans,365,40.0,87.67,55.75391780821918,15.464078874371612,119.17499999999998,2.771118541486168,5.426649288354578,86.14538681611111,0.13096153846153846,0.9016528419555392,-0.30977750603122095,0.35754289221264424,0.02064503467687266,0.15366983883689583,0.01,7.500843546807216e-13,0.5757867550800208,59.18549854843685,0.0,-59.15805022156573,44603.13424657534
UQ Dollar,365,100.0,99.88,99.94101369863014,0.42946403133142197,-0.12000000000000899,0.5966531088835346,0.5971343090890164,9.479213286923482,-0.00032967032967034214,-0.010541651299028905,0.012910132071224554,0.5420306314538164,0.10720441530119723,0.10255676045718537,0.01,9.307377576140397e-16,0.008142896098059288,0.7201727161036716,0.8241758241758242,-2.490856973411082,64961.658904109594
Sausage Sizzle,365,35.22,39.88,37.69712328767123,1.2039389102415279,13.231118682566745,0.09674227723453037,0.25741349423152904,4.086312539092712,0.012802197802197813,2.5247531269506496,0.139493768854267,0.21517278360472814,0.390102893465471,0.4871522225044491,0.01,0.00014096903729914203,0.7188290578989455,151.87534872961425,6.043956043956044,-5.403268318397458,113091.3698630137
Bread,365,121.75,127.05,125.38424657534244,6.141826722440492,4.353182751540041,0.8748390322940272,0.7035954271485378,11.169231143023769,0.014560439560439552,0.317538966000254,-0.015773566219398936,-0.2984727183994065,0.5050410053013669,0.4048428054022276,0.01,3.4631434298845824e-16,0.5135059189831368,66.01573561257639,0.5494505494505495,-10.4256406512375,62692.123287671224
MenuDash,365,1.8,1.97,1.8693972602739723,0.07404088930568414,9.444444444444432,0.018794275870528575,1.0063359847964974,15.975088506880855,0.0004670329670329668,0.47410292226841205,0.08199172811497529,0.5401099125047488,0.08926726241909665,0.1610201176065626,0.1,1.2190932081358448e-21,0.5163029206911462,22.39390955448463,22.52747252747253,-15.000000000000002,140204.79452054793
Sausage,365,4.72,6.17,5.4735068493150685,0.36725261252849106,30.720338983050844,0.03407672032401374,0.6257079313315564,9.93280547798387,0.003983516483516484,2.2302806707833827,0.16261031232886222,0.3465461694137266,0.18036149100448323,0.8402482262434696,0.01,1.023835929905003e-05,0.5554296557063249,133.58849117925465,12.637362637362637,-11.330935251798557,27367.534246575342
Liferaft Ticket,365,100000.0,230000.0,150789.04109589042,35865.237545398566,129.99999999999997,6407.547939900657,4.6501736331794605,73.81921791997529,357.14285714285717,1.0634101379502299,0.3572131661990065,-1.8723987538940814,5.926213900101732e-14,0.6351422335952343,0.01,2.3396694863919806e-30,0.4531940367991775,57.18291814947784,0.0,-49.5,150789.04109589042
Boat Party Ticket,365,45.0,44.45,46.84920547945205,3.9270570551311845,-1.2222222222222134,1.0113565460507934,2.1904500374699483,34.772316350745584,-0.0015109890109890032,-0.028504124606125586,0.7277093337877373,9.50057371994928,5.735113408112187e-305,0.07016596900700316,0.01706881247007298,1.4379685406802675e-06,0.5467822087679637,21.070681540877477,0.0,-28.54305831377505,46849.20547945205
