,lag1,lag2,lag3,lag4,lag5,lag6,lag7,lag8,lag9,lag10,lag11,lag12,lag13,lag14,lag15
Fintech Token,-0.1324,0.0639,0.1605,0.0927,-0.0308,-0.0013,0.0391,0.0275,0.0257,0.0678,0.0627,-0.0058,0.08,-0.0214,-0.0605
Thrifted Jeans,-0.0505,0.0233,0.0498,0.0956,0.0353,-0.0349,0.0988,-0.0339,0.13,-0.0196,0.1095,-0.0318,0.0264,0.06,-0.0454
UQ Dollar,-0.4916,-0.0117,-0.0224,0.0766,-0.1162,0.1592,-0.1517,0.0368,0.0716,-0.048,-0.0722,0.0818,0.0366,-0.104,0.0372
Sausage Sizzle,0.0851,0.1553,0.1069,0.1383,0.1193,0.1135,0.1551,0.1178,0.1341,0.0207,0.0827,0.0789,0.0616,0.0138,0.0339
Bread,0.0639,0.0308,0.101,0.0957,0.0149,0.0218,0.044,0.0678,0.0481,-0.0259,0.0694,0.0394,-0.0313,-0.0286,-0.011
MenuDash,-0.0421,-0.0265,-0.1052,-0.1067,0.0179,0.0342,-0.0328,-0.0374,-0.0147,0.0213,0.0299,0.1234,0.005,0.0555,-0.0372
Sausage,0.0909,0.0895,0.0121,0.0879,0.0992,0.0632,0.1286,0.0586,0.1238,-0.0207,0.0085,0.0526,-0.0322,-0.0274,-0.1391
Liferaft Ticket,0.0389,-0.0264,0.0557,-0.0823,0.0292,0.0206,-0.0447,-0.1213,-0.0165,-0.0705,-0.0517,0.0598,0.0625,0.0472,-0.018
Boat Party Ticket,-0.1677,-0.0426,0.068,0.0009,-0.0322,0.0893,0.1547,-0.0531,0.0547,0.0089,-0.002,-0.012,0.0269,-0.0461,-0.0124
