instrument,acf1,acf2,acf3,acf5,acf10,acf_signif_band,pacf1,pacf2,LB_p_lag1,LB_p_lag5,LB_p_lag10,LB_p_lag20,VR2,VR2_z,VR5,VR5_z,VR10,VR10_z,VR20,VR20_z,best_window,best_IC,signal_type
Fintech Token,-0.13237587814360233,0.06394678505448646,0.16049602309085684,-0.030811869329590614,0.06776503079454371,0.102731913998748,-0.13274054998421836,0.04751728572118517,0.011213135806482678,0.0008188192724998642,0.008133474866339844,0.014298804833493415,0.8702047141783612,-0.12474721340225164,1.0494176586010198,0.021486774538888576,1.2565179438400376,0.07169376295982743,1.6180024091799028,0.11825946326551298,2,0.0926333546376427,REVERSION
Thrifted Jeans,-0.05048531125231521,0.02329527481920056,0.04984140320372889,0.03525872663048816,-0.019574598086818207,0.102731913998748,-0.05062438924474584,0.02091475013229318,0.3334588973425015,0.3164123408509657,0.07651145305759026,0.032403983354490365,0.9545562566021034,-0.0472318077942422,1.0471854979140836,0.022130377874414648,1.2655195091987983,0.07924629584814648,1.5976544358219347,0.12108385501985224,15,-0.0971085841216529,MOMENTUM
UQ Dollar,-0.49164381847853633,-0.011703607846371393,-0.022418472106935157,-0.11622120685584302,-0.0479994328114976,0.102731913998748,-0.4929982091630504,-0.3366332939475476,4.569393047604726e-21,3.4527854880131745e-19,1.6675697336730646e-20,9.854256064801298e-19,0.5111628074305344,-0.3654152046969292,0.2144448664934908,-0.3043714339627643,0.10899130617144154,-0.2393641098103813,0.060406160109054266,-0.1783956807407841,17,0.7039863194681474,REVERSION
Sausage Sizzle,0.08507648817728193,0.15527725419169242,0.10690535463467081,0.11925282629761771,0.020650128188793533,0.102731913998748,0.08531085866812839,0.14994851364353012,0.10313333040118304,3.481194985241619e-05,4.8902802780271294e-08,1.98988534398345e-06,1.0910394644206454,0.09498165715822024,1.4905637830410385,0.22947974295757348,2.1833317551548586,0.3550446692669829,3.2438145877341067,0.4535568823416957,13,-0.2634410216161831,MOMENTUM
Bread,0.06388782484814245,0.03078549366323475,0.10104849996112517,0.014924320120210359,-0.025897133908253586,0.102731913998748,0.06406382436563045,0.026962062656785017,0.2209792262340624,0.10569879146156451,0.23356397030283552,0.14392965917453868,1.0674938398333058,0.06375195371118013,1.2734556934907828,0.12261706763343058,1.5596412785012996,0.16536060863763924,1.8105765235717552,0.16318043911210195,9,-0.13624387865974152,MOMENTUM
MenuDash,-0.04210161906750694,-0.02646877893758757,-0.10524097134302779,0.017944327191460892,0.021273990010264136,0.102731913998748,-0.04221760148918049,-0.0284480448472469,0.4199199847559256,0.09657671345279484,0.36176610226707184,0.2620079613686505,0.9591213513693091,-0.04618188583060736,0.7856837694787545,-0.10275502505274167,0.6322938796982768,-0.11115037775820563,0.738654052984927,-0.05372171293140622,9,0.13891877000792047,REVERSION
Sausage,0.09092613275288326,0.0895113543559423,0.012133316018454913,0.0991654397961768,-0.02072778184472686,0.102731913998748,0.09117661796707853,0.08237753548464169,0.08152354118638898,0.028053310855057714,0.002257782821270303,0.0047140316243346045,1.095172936364632,0.09783833520775954,1.3115959672049637,0.14238011827617966,1.7521278217932181,0.22385807376366285,2.1483281295472585,0.23483099752993528,11,-0.17976747386543881,MOMENTUM
Liferaft Ticket,0.03888432439834312,-0.02640580603197424,0.05571839375577694,0.029187977131902396,-0.07047139776111744,0.102731913998748,0.03899144374930272,-0.028114770953976215,0.45631713347659475,0.44346120140089673,0.21475533969359306,0.13940322341394434,1.0416853410440436,0.04164654697485547,1.0382424885093877,0.017480270284574516,0.9920434081547208,-0.00236521982351955,0.9677165083834954,-0.006546579504855732,15,0.03891115868113846,REVERSION
Boat Party Ticket,-0.16767901032045673,-0.042617034581832185,0.06803367229913436,-0.03224856939389112,0.008928108724396925,0.102731913998748,-0.16814093596872237,-0.0731931326118073,0.0013167501065439102,0.022625456089695444,0.0024287442913782063,0.07369629584326888,0.8367894865387847,-0.18837818788176702,0.7508920587684567,-0.1493037639327204,0.8900671061971979,-0.04075789197088096,1.0795766250279766,0.017960094293922566,2,0.18139860762572832,REVERSION
