instrument,absret_acf1,absret_acf5,absret_acf10,sqret_acf1,sqret_acf5,ARCH_LM_p,GARCH_alpha,GARCH_beta,GARCH_persistence,vol_halflife_d,RV10_acf1,vol_clustering
Fintech Token,0.08885173931520428,0.12079472767440057,0.12463260784915327,0.04979722773216984,0.1979246531772416,0.003555820144869027,0.03493313258433037,0.9505829002831274,0.9855160328674578,47.50875278359208,0.9479310340757199,YES
Thrifted Jeans,-0.03555046005924633,0.01718477600238465,-0.05244942874191652,-0.021702004032990066,0.06236194062148856,0.8194390567194932,1.898685540205546e-18,0.8992757699908562,0.8992757699908562,6.528928153972636,0.8949858976415137,no
UQ Dollar,0.3174644403480283,-0.008879003735912773,-0.050865279615889984,0.30955604477020937,-0.006892098472500554,4.9666422662999174e-09,0.46246107950880666,0.07819258389447195,0.5406536634032786,1.1271118679409213,0.9330379571863372,YES
Sausage Sizzle,-0.014756269690553572,0.1110396100111715,0.066164394946851,-0.03378586096043588,0.11047043470861091,0.3012117737308414,0.005979289468828738,0.9729212165456108,0.9789005060144396,32.50355973336223,0.9193652910029007,no
Bread,0.038597873539784215,0.0010141268233083527,0.030030583617439006,0.06858223341382969,-0.012082087005863724,0.6438291126530805,0.015334925605765312,0.9639391276814389,0.9792740532872042,33.095667527412964,0.9116224247695698,no
MenuDash,-0.0838300005264939,0.015546348053468386,-0.07629030034959304,-0.08509833345235827,-0.02316648459492873,0.3366774006362517,0.0,0.9835507291571306,0.9835507291571306,41.790942902313716,0.8828352377249385,no
Sausage,-0.008319942219206709,-0.010360475857324598,0.021405895742871536,-0.010311512069245245,-0.019059748347030784,0.92077882056757,3.29295411322563e-19,0.5006179903706528,0.5006179903706528,1.0017852235716909,0.8993202362667398,no
Liferaft Ticket,0.0388843243983431,0.029187977131902382,-0.07047139776111733,0.03888432439834307,0.02918797713190236,0.37716424453223907,0.02433061076568567,0.4761994270210373,0.500530037786723,1.001530895783065,0.8892994883870725,no
Boat Party Ticket,-0.008915840791002246,-0.023515852520029135,-0.08544035084466907,-0.02189446307309135,-0.03463052396977953,0.567061873906319,2.351331361828756e-11,0.5013111566031447,0.501311156626658,1.0037925759024637,0.8524079643711454,no
