,Fintech Token,Thrifted Jeans,UQ Dollar,Sausage Sizzle,Bread,MenuDash,Sausage,Liferaft Ticket,Boat Party Ticket
Fintech Token,1.0,0.12758611619408633,0.03323521710337216,0.050741088853117566,-0.06838573800088223,0.039594283636705564,-0.05037128157319114,-0.0484700015042994,-0.009051491871720049
Thrifted Jeans,0.12758611619408633,1.0,-0.028529276405055416,0.046856472504671585,-0.027487607556144853,0.07247833659788973,-0.018620931389539432,-0.021488784877351293,-0.05238433916532797
UQ Dollar,0.03323521710337216,-0.028529276405055416,1.0,-0.010431175856951008,0.047177459294180914,0.01681735406063521,-0.09339761854771417,-0.02810759866210066,-0.04811793912870189
Sausage Sizzle,0.050741088853117566,0.046856472504671585,-0.010431175856951008,1.0,0.016494580015507316,0.05518672905018362,0.027606886292445537,0.05602123311622906,0.03134173540041862
Bread,-0.06838573800088223,-0.027487607556144853,0.047177459294180914,0.016494580015507316,1.0,0.02086388683151954,0.02533698111406189,0.02706237471264114,0.020314620691121808
MenuDash,0.039594283636705564,0.07247833659788973,0.01681735406063521,0.05518672905018362,0.02086388683151954,1.0,-0.07388602532776714,0.12488541960487597,-0.0928495198890877
Sausage,-0.05037128157319114,-0.018620931389539432,-0.09339761854771417,0.027606886292445537,0.02533698111406189,-0.07388602532776714,1.0,-0.004514954843616416,0.10046026848129531
Liferaft Ticket,-0.0484700015042994,-0.021488784877351293,-0.02810759866210066,0.05602123311622906,0.02706237471264114,0.12488541960487597,-0.004514954843616416,1.0,0.0361792522830293
Boat Party Ticket,-0.009051491871720049,-0.05238433916532797,-0.04811793912870189,0.03134173540041862,0.020314620691121808,-0.0928495198890877,0.10046026848129531,0.0361792522830293,1.0
