instrument,top_period_1,power_1,top_period_2,power_2,top_period_3,power_3,n_jumps_4sig,jump_frac_%,anova_p_period5,anova_p_period7,anova_p_period30
Fintech Token,365.0,0.746,182.5,0.095,91.2,0.067,0,0.0,0.3533948021223345,0.9876959441190062,0.728666760845808
Thrifted Jeans,365.0,0.323,121.7,0.214,60.8,0.146,0,0.0,0.4943836002164983,0.8886448061733204,0.8559928422548967
UQ Dollar,365.0,0.046,19.2,0.027,2.1,0.026,0,0.0,0.3956333878773406,0.4114567046030714,0.10713741505790723
Sausage Sizzle,365.0,0.368,121.7,0.333,60.8,0.064,0,0.0,0.5637160199473926,0.23251242329260183,0.3008530786819523
Bread,365.0,0.635,121.7,0.093,60.8,0.074,0,0.0,0.7413982065758696,0.22343198097149577,0.4875682520324772
MenuDash,121.7,0.478,182.5,0.186,91.2,0.107,0,0.0,0.9340582572320808,0.4696395843134872,0.28239905308467234
Sausage,365.0,0.568,182.5,0.106,52.1,0.073,0,0.0,0.6035081080355896,0.05788282806103914,0.4160215429148804
Liferaft Ticket,182.5,0.246,121.7,0.198,91.2,0.186,0,0.0,0.5615891939426368,0.3270650310766182,0.02829793167946978
Boat Party Ticket,182.5,0.5,73.0,0.235,365.0,0.055,3,0.8241758241758241,0.1865075646799766,0.9962920344855245,0.07732969196118637
