instrument,kind,window,IC_full,t_stat,IC_1st_half,IC_2nd_half,stable
UQ Dollar,rev,17,0.6974937318615617,18.10535646873929,0.7091377754962148,0.6838084469837223,YES
Fintech Token,rev,5,-0.016194291328799952,-0.30645055805397614,-0.11036269537041807,0.17360973315569792,no
Boat Party Ticket,rev,3,0.18139860762572813,3.4998604876469326,0.08530431958143692,0.2989122652946461,YES
MenuDash,rev,9,0.13454467569889514,2.5546712420969535,0.1605997462625435,0.11073230850432057,YES
Sausage Sizzle,mom,13,0.2629859899693327,5.099522318650092,0.3246414218347428,0.16390018851529495,YES
Bread,mom,9,0.13412463949133815,2.5465494564656472,0.13593798430862283,0.1265689490727061,YES
Sausage,mom,11,0.17968859743750257,3.427036938409882,0.2621084136464652,0.07246007060523346,YES
Thrifted Jeans,mom,15,0.09710564569373768,1.8200839027602052,0.05727126751721763,0.12459346907793549,no
Liferaft Ticket,rev,15,0.03516170622492804,0.6563389806103522,0.13707593572544172,-0.046722226788545936,no
