instrument,kind,w,gross_pnl,sharpe,hit_rate,avg_notional,pnl_per_$budget,units_traded
Boat Party Ticket,rev,3,92609.99999999999,4.128948335345913,0.6648351648351648,46362.191780821915,1.9975328267010197,373000.0
Thrifted Jeans,mom,15,77511.99999999999,1.5801632838408899,0.49175824175824173,43262.99178082192,1.7916467819121176,58400.0
Fintech Token,rev,5,88422.00000000007,2.9639798520606337,0.5906593406593407,59766.59178082192,1.4794552837187747,29500.0
UQ Dollar,rev,17,56985.50000000014,7.094797068180199,0.6758241758241759,62111.09726027397,0.9174769487842852,228150.0
Liferaft Ticket,rev,15,100000.0,0.6939048498453243,0.5164835164835165,147380.8219178082,0.6785143324534335,153.0
Sausage,mom,11,10650.000000000018,2.7982226692968575,0.4807692307692308,26708.76712328767,0.39874547375547575,485000.0
Bread,mom,9,18484.999999999964,1.8864615862825234,0.5412087912087912,61376.57534246575,0.3011735323591833,51500.0
MenuDash,rev,9,40499.999999999956,1.2670655809618634,0.40934065934065933,136481.50684931508,0.2967434997967507,12675000.0
Sausage Sizzle,mom,13,28380.000000000044,4.455674910488115,0.5714285714285714,109615.31506849315,0.25890542742377554,159000.0
